Date,Formatted Date,Hebrew Date,Limud - Eng,Limud - Heb,Chazarah - Eng,Chazarah - Heb,ChazaraCount
2023-12-04,"Mon, Dec 4, 2023",כ״א כסלו תשפ״ד,6a,.ו,2a Top,.ב Top,1
2023-12-05,"Tue, Dec 5, 2023",כ״ב כסלו תשפ״ד,,,2a Bottom,.ב Bottom,1
2023-12-06,"Wed, Dec 6, 2023",כ״ג כסלו תשפ״ד,,,2b Top,:ב Top,1
2023-12-07,"Thu, Dec 7, 2023",כ״ד כסלו תשפ״ד,,,2b Bottom,:ב Bottom,1
2023-12-08,"Fri, Dec 8, 2023",כ״ה כסלו תשפ״ד,,,3a Top,.ג Top,1
2023-12-09,"Sat, Dec 9, 2023",כ״ו כסלו תשפ״ד,,,3a Bottom,.ג Bottom,1
2023-12-10,"Sun, Dec 10, 2023",כ״ז כסלו תשפ״ד,,,3b Top,:ג Top,1
2023-12-11,"Mon, Dec 11, 2023",כ״ח כסלו תשפ״ד,6b,:ו,3b Bottom,:ג Bottom,1
2023-12-12,"Tue, Dec 12, 2023",כ״ט כסלו תשפ״ד,,,4a Top,.ד Top,1
2023-12-13,"Wed, Dec 13, 2023",א׳ טבת תשפ״ד,,,4a Bottom,.ד Bottom,1
2023-12-14,"Thu, Dec 14, 2023",ב׳ טבת תשפ״ד,,,4b Top,:ד Top,1
2023-12-15,"Fri, Dec 15, 2023",ג׳ טבת תשפ״ד,,,4b Bottom,:ד Bottom,1
2023-12-16,"Sat, Dec 16, 2023",ד׳ טבת תשפ״ד,,,5a Top,.ה Top,1
2023-12-17,"Sun, Dec 17, 2023", טבת תשפ״ד,,,5a Bottom,.ה Bottom,1
2023-12-18,"Mon, Dec 18, 2023",ו׳ טבת תשפ״ד,7a,.ז,5b Top,:ה Top,1
2023-12-19,"Tue, Dec 19, 2023",ז׳ טבת תשפ״ד,,,5b Bottom,:ה Bottom,1
2023-12-20,"Wed, Dec 20, 2023",ח׳ טבת תשפ״ד,,,6a Top,.ו Top,1
2023-12-21,"Thu, Dec 21, 2023",ט׳ טבת תשפ״ד,,,6a Bottom,.ו Bottom,1
2023-12-22,"Fri, Dec 22, 2023",י׳ טבת תשפ״ד,,,6b Top,:ו Top,1
2023-12-23,"Sat, Dec 23, 2023",י״א טבת תשפ״ד,,,6b Bottom,:ו Bottom,1
2023-12-24,"Sun, Dec 24, 2023",י״ב טבת תשפ״ד,,,2a Top,.ב Top,2
2023-12-25,"Mon, Dec 25, 2023",י״ג טבת תשפ״ד,7b,:ז,2a Bottom,.ב Bottom,2
2023-12-26,"Tue, Dec 26, 2023",י״ד טבת תשפ״ד,,,2b Top,:ב Top,2
2023-12-27,"Wed, Dec 27, 2023",ט״ו טבת תשפ״ד,,,2b Bottom,:ב Bottom,2
2023-12-28,"Thu, Dec 28, 2023",ט״ז טבת תשפ״ד,,,3a Top,.ג Top,2
2023-12-29,"Fri, Dec 29, 2023",י״ז טבת תשפ״ד,,,3a Bottom,.ג Bottom,2
2023-12-30,"Sat, Dec 30, 2023",י״ח טבת תשפ״ד,,,3b Top,:ג Top,2
2023-12-31,"Sun, Dec 31, 2023",י״ט טבת תשפ״ד,,,OFF,OFF
2024-01-01,"Mon, Jan 1, 2024",כ׳ טבת תשפ״ד,8a,.ח,3b Bottom,:ג Bottom,2
2024-01-02,"Tue, Jan 2, 2024",כ״א טבת תשפ״ד,,,4a Top,.ד Top,2
2024-01-03,"Wed, Jan 3, 2024",כ״ב טבת תשפ״ד,,,4a Bottom,.ד Bottom,2
2024-01-04,"Thu, Jan 4, 2024",כ״ג טבת תשפ״ד,,,4b Top,:ד Top,2
2024-01-05,"Fri, Jan 5, 2024",כ״ד טבת תשפ״ד,,,4b Bottom,:ד Bottom,2
2024-01-06,"Sat, Jan 6, 2024",כ״ה טבת תשפ״ד,,,5a Top,.ה Top,2
2024-01-07,"Sun, Jan 7, 2024",כ״ו טבת תשפ״ד,,,5a Bottom,.ה Bottom,2
2024-01-08,"Mon, Jan 8, 2024",כ״ז טבת תשפ״ד,8b,:ח,5b Top,:ה Top,2
2024-01-09,"Tue, Jan 9, 2024",כ״ח טבת תשפ״ד,,,5b Bottom,:ה Bottom,2
2024-01-10,"Wed, Jan 10, 2024",כ״ט טבת תשפ״ד,,,6a Top,.ו Top,2
2024-01-11,"Thu, Jan 11, 2024",א׳ שבט תשפ״ד,,,6a Bottom,.ו Bottom,2
2024-01-12,"Fri, Jan 12, 2024",ב׳ שבט תשפ״ד,,,6b Top,:ו Top,2
2024-01-13,"Sat, Jan 13, 2024",ג׳ שבט תשפ״ד,,,6b Bottom,:ו Bottom,2
2024-01-14,"Sun, Jan 14, 2024",ד׳ שבט תשפ״ד,,,7a Top,.ז Top,1
2024-01-15,"Mon, Jan 15, 2024", שבט תשפ״ד,9a,.ט,7a Bottom,.ז Bottom,1
2024-01-16,"Tue, Jan 16, 2024",ו׳ שבט תשפ״ד,,,7b Top,:ז Top,1
2024-01-17,"Wed, Jan 17, 2024",ז׳ שבט תשפ״ד,,,7b Bottom,:ז Bottom,1
2024-01-18,"Thu, Jan 18, 2024",ח׳ שבט תשפ״ד,,,8a Top,.ח Top,1
2024-01-19,"Fri, Jan 19, 2024",ט׳ שבט תשפ״ד,,,8a Bottom,.ח Bottom,1
2024-01-20,"Sat, Jan 20, 2024",י׳ שבט תשפ״ד,,,8b Top,:ח Top,1
2024-01-21,"Sun, Jan 21, 2024",י״א שבט תשפ״ד,,,8b Bottom,:ח Bottom,1
2024-01-22,"Mon, Jan 22, 2024",י״ב שבט תשפ״ד,9b,:ט,9a Top,.ט Top,1
2024-01-23,"Tue, Jan 23, 2024",י״ג שבט תשפ״ד,,,9a Bottom,.ט Bottom,1
2024-01-24,"Wed, Jan 24, 2024",י״ד שבט תשפ״ד,,,2a Top,.ב Top,3
2024-01-25,"Thu, Jan 25, 2024",ט״ו שבט תשפ״ד,,,2a Bottom,.ב Bottom,3
2024-01-26,"Fri, Jan 26, 2024",ט״ז שבט תשפ״ד,,,2b Top,:ב Top,3
2024-01-27,"Sat, Jan 27, 2024",י״ז שבט תשפ״ד,,,2b Bottom,:ב Bottom,3
2024-01-28,"Sun, Jan 28, 2024",י״ח שבט תשפ״ד,,,3a Top,.ג Top,3
2024-01-29,"Mon, Jan 29, 2024",י״ט שבט תשפ״ד,10a,.י,3a Bottom,.ג Bottom,3
2024-01-30,"Tue, Jan 30, 2024",כ׳ שבט תשפ״ד,,,3b Top,:ג Top,3
2024-01-31,"Wed, Jan 31, 2024",כ״א שבט תשפ״ד,,,3b Bottom,:ג Bottom,3
2024-02-01,"Thu, Feb 1, 2024",כ״ב שבט תשפ״ד,,,4a Top,.ד Top,3
2024-02-02,"Fri, Feb 2, 2024",כ״ג שבט תשפ״ד,,,4a Bottom,.ד Bottom,3
2024-02-03,"Sat, Feb 3, 2024",כ״ד שבט תשפ״ד,,,4b Top,:ד Top,3
2024-02-04,"Sun, Feb 4, 2024",כ״ה שבט תשפ״ד,,,4b Bottom,:ד Bottom,3
2024-02-05,"Mon, Feb 5, 2024",כ״ו שבט תשפ״ד,10b,:י,5a Top,.ה Top,3
2024-02-06,"Tue, Feb 6, 2024",כ״ז שבט תשפ״ד,,,5a Bottom,.ה Bottom,3
2024-02-07,"Wed, Feb 7, 2024",כ״ח שבט תשפ״ד,,,5b Top,:ה Top,3
2024-02-08,"Thu, Feb 8, 2024",כ״ט שבט תשפ״ד,,,5b Bottom,:ה Bottom,3
2024-02-09,"Fri, Feb 9, 2024",ל׳ שבט תשפ״ד,,,6a Top,.ו Top,3
2024-02-10,"Sat, Feb 10, 2024",א׳ אדר א׳ תשפ״ד,,,6a Bottom,.ו Bottom,3
2024-02-11,"Sun, Feb 11, 2024",ב׳ אדר א׳ תשפ״ד,,,6b Top,:ו Top,3
2024-02-12,"Mon, Feb 12, 2024",ג׳ אדר א׳ תשפ״ד,11a,.יא,6b Bottom,:ו Bottom,3
2024-02-13,"Tue, Feb 13, 2024",ד׳ אדר א׳ תשפ״ד,,,7a Top,.ז Top,2
2024-02-14,"Wed, Feb 14, 2024", אדר א׳ תשפ״ד,,,7a Bottom,.ז Bottom,2
2024-02-15,"Thu, Feb 15, 2024",ו׳ אדר א׳ תשפ״ד,,,7b Top,:ז Top,2
2024-02-16,"Fri, Feb 16, 2024",ז׳ אדר א׳ תשפ״ד,,,7b Bottom,:ז Bottom,2
2024-02-17,"Sat, Feb 17, 2024",ח׳ אדר א׳ תשפ״ד,,,8a Top,.ח Top,2
2024-02-18,"Sun, Feb 18, 2024",ט׳ אדר א׳ תשפ״ד,,,OFF,OFF
2024-02-19,"Mon, Feb 19, 2024",י׳ אדר א׳ תשפ״ד,11b,:יא,8a Bottom,.ח Bottom,2
2024-02-20,"Tue, Feb 20, 2024",י״א אדר א׳ תשפ״ד,,,8b Top,:ח Top,2
2024-02-21,"Wed, Feb 21, 2024",י״ב אדר א׳ תשפ״ד,,,8b Bottom,:ח Bottom,2
2024-02-22,"Thu, Feb 22, 2024",י״ג אדר א׳ תשפ״ד,,,9a Top,.ט Top,2
2024-02-23,"Fri, Feb 23, 2024",י״ד אדר א׳ תשפ״ד,,,9a Bottom,.ט Bottom,2
2024-02-24,"Sat, Feb 24, 2024",ט״ו אדר א׳ תשפ״ד,,,9b Top,:ט Top,1
2024-02-25,"Sun, Feb 25, 2024",ט״ז אדר א׳ תשפ״ד,,,9b Bottom,:ט Bottom,1
2024-02-26,"Mon, Feb 26, 2024",י״ז אדר א׳ תשפ״ד,12a,.יב,10a Top,.י Top,1
2024-02-27,"Tue, Feb 27, 2024",י״ח אדר א׳ תשפ״ד,,,10a Bottom,.י Bottom,1
2024-02-28,"Wed, Feb 28, 2024",י״ט אדר א׳ תשפ״ד,,,10b Top,:י Top,1
2024-02-29,"Thu, Feb 29, 2024",כ׳ אדר א׳ תשפ״ד,,,10b Bottom,:י Bottom,1
2024-03-01,"Fri, Mar 1, 2024",כ״א אדר א׳ תשפ״ד,,,11a Top,.יא Top,1
2024-03-02,"Sat, Mar 2, 2024",כ״ב אדר א׳ תשפ״ד,,,11a Bottom,.יא Bottom,1
2024-03-03,"Sun, Mar 3, 2024",כ״ג אדר א׳ תשפ״ד,,,11b Top,:יא Top,1
2024-03-04,"Mon, Mar 4, 2024",כ״ד אדר א׳ תשפ״ד,12b,:יב,11b Bottom,:יא Bottom,1
2024-03-05,"Tue, Mar 5, 2024",כ״ה אדר א׳ תשפ״ד,,,12a Top,.יב Top,1
2024-03-06,"Wed, Mar 6, 2024",כ״ו אדר א׳ תשפ״ד,,,12a Bottom,.יב Bottom,1
2024-03-07,"Thu, Mar 7, 2024",כ״ז אדר א׳ תשפ״ד,,,2a Full,.ב Full,4
2024-03-08,"Fri, Mar 8, 2024",כ״ח אדר א׳ תשפ״ד,,,2b Full,:ב Full,4
2024-03-09,"Sat, Mar 9, 2024",כ״ט אדר א׳ תשפ״ד,,,3a Full,.ג Full,4
2024-03-10,"Sun, Mar 10, 2024",ל׳ אדר א׳ תשפ״ד,,,3b Full,:ג Full,4
2024-03-11,"Mon, Mar 11, 2024",א׳ אדר ב׳ תשפ״ד,13a,.יג,4a Full,.ד Full,4
2024-03-12,"Tue, Mar 12, 2024",ב׳ אדר ב׳ תשפ״ד,,,4b Full,:ד Full,4
2024-03-13,"Wed, Mar 13, 2024",ג׳ אדר ב׳ תשפ״ד,,,5a Full,.ה Full,4
2024-03-14,"Thu, Mar 14, 2024",ד׳ אדר ב׳ תשפ״ד,,,5b Full,:ה Full,4
2024-03-15,"Fri, Mar 15, 2024", אדר ב׳ תשפ״ד,,,6a Full,.ו Full,4
2024-03-16,"Sat, Mar 16, 2024",ו׳ אדר ב׳ תשפ״ד,,,6b Full,:ו Full,4
2024-03-17,"Sun, Mar 17, 2024",ז׳ אדר ב׳ תשפ״ד,,,7a Top,.ז Top,3
2024-03-18,"Mon, Mar 18, 2024",ח׳ אדר ב׳ תשפ״ד,13b,:יג,7a Bottom,.ז Bottom,3
2024-03-19,"Tue, Mar 19, 2024",ט׳ אדר ב׳ תשפ״ד,,,7b Top,:ז Top,3
2024-03-20,"Wed, Mar 20, 2024",י׳ אדר ב׳ תשפ״ד,,,7b Bottom,:ז Bottom,3
2024-03-21,"Thu, Mar 21, 2024",י״א אדר ב׳ תשפ״ד,,,8a Top,.ח Top,3
2024-03-22,"Fri, Mar 22, 2024",י״ב אדר ב׳ תשפ״ד,,,8a Bottom,.ח Bottom,3
2024-03-23,"Sat, Mar 23, 2024",י״ג אדר ב׳ תשפ״ד,,,8b Top,:ח Top,3
2024-03-24,"Sun, Mar 24, 2024",י״ד אדר ב׳ תשפ״ד,,,8b Bottom,:ח Bottom,3
2024-03-25,"Mon, Mar 25, 2024",ט״ו אדר ב׳ תשפ״ד,14a,.יד,9a Top,.ט Top,3
2024-03-26,"Tue, Mar 26, 2024",ט״ז אדר ב׳ תשפ״ד,,,9a Bottom,.ט Bottom,3
2024-03-27,"Wed, Mar 27, 2024",י״ז אדר ב׳ תשפ״ד,,,9b Top,:ט Top,2
2024-03-28,"Thu, Mar 28, 2024",י״ח אדר ב׳ תשפ״ד,,,9b Bottom,:ט Bottom,2
2024-03-29,"Fri, Mar 29, 2024",י״ט אדר ב׳ תשפ״ד,,,10a Top,.י Top,2
2024-03-30,"Sat, Mar 30, 2024",כ׳ אדר ב׳ תשפ״ד,,,10a Bottom,.י Bottom,2
2024-03-31,"Sun, Mar 31, 2024",כ״א אדר ב׳ תשפ״ד,,,10b Top,:י Top,2
2024-04-01,"Mon, Apr 1, 2024",כ״ב אדר ב׳ תשפ״ד,14b,:יד,10b Bottom,:י Bottom,2
2024-04-02,"Tue, Apr 2, 2024",כ״ג אדר ב׳ תשפ״ד,,,11a Top,.יא Top,2
2024-04-03,"Wed, Apr 3, 2024",כ״ד אדר ב׳ תשפ״ד,,,11a Bottom,.יא Bottom,2
2024-04-04,"Thu, Apr 4, 2024",כ״ה אדר ב׳ תשפ״ד,,,11b Top,:יא Top,2
2024-04-05,"Fri, Apr 5, 2024",כ״ו אדר ב׳ תשפ״ד,,,11b Bottom,:יא Bottom,2
2024-04-06,"Sat, Apr 6, 2024",כ״ז אדר ב׳ תשפ״ד,,,12a Top,.יב Top,2
2024-04-07,"Sun, Apr 7, 2024",כ״ח אדר ב׳ תשפ״ד,,,12a Bottom,.יב Bottom,2
2024-04-08,"Mon, Apr 8, 2024",כ״ט אדר ב׳ תשפ״ד,15a,.טו,12b Top,:יב Top,1
2024-04-09,"Tue, Apr 9, 2024",א׳ ניסן תשפ״ד,,,12b Bottom,:יב Bottom,1
2024-04-10,"Wed, Apr 10, 2024",ב׳ ניסן תשפ״ד,,,13a Top,.יג Top,1
2024-04-11,"Thu, Apr 11, 2024",ג׳ ניסן תשפ״ד,,,13a Bottom,.יג Bottom,1
2024-04-12,"Fri, Apr 12, 2024",ד׳ ניסן תשפ״ד,,,13b Top,:יג Top,1
2024-04-13,"Sat, Apr 13, 2024", ניסן תשפ״ד,,,13b Bottom,:יג Bottom,1
2024-04-14,"Sun, Apr 14, 2024",ו׳ ניסן תשפ״ד,,,OFF,OFF
2024-04-15,"Mon, Apr 15, 2024",ז׳ ניסן תשפ״ד,15b,:טו,14a Top,.יד Top,1
2024-04-16,"Tue, Apr 16, 2024",ח׳ ניסן תשפ״ד,,,14a Bottom,.יד Bottom,1
2024-04-17,"Wed, Apr 17, 2024",ט׳ ניסן תשפ״ד,,,14b Top,:יד Top,1
2024-04-18,"Thu, Apr 18, 2024",י׳ ניסן תשפ״ד,,,14b Bottom,:יד Bottom,1
2024-04-19,"Fri, Apr 19, 2024",י״א ניסן תשפ״ד,,,15a Top,.טו Top,1
2024-04-20,"Sat, Apr 20, 2024",י״ב ניסן תשפ״ד,,,15a Bottom,.טו Bottom,1
2024-04-21,"Sun, Apr 21, 2024",י״ג ניסן תשפ״ד,,,2a Full,.ב Full,5
2024-04-22,"Mon, Apr 22, 2024",י״ד ניסן תשפ״ד,16a,.טז,2b Full,:ב Full,5
2024-04-23,"Tue, Apr 23, 2024",ט״ו ניסן תשפ״ד,,,3a Full,.ג Full,5
2024-04-24,"Wed, Apr 24, 2024",ט״ז ניסן תשפ״ד,,,3b Full,:ג Full,5
2024-04-25,"Thu, Apr 25, 2024",י״ז ניסן תשפ״ד,,,4a Full,.ד Full,5
2024-04-26,"Fri, Apr 26, 2024",י״ח ניסן תשפ״ד,,,4b Full,:ד Full,5
2024-04-27,"Sat, Apr 27, 2024",י״ט ניסן תשפ״ד,,,5a Full,.ה Full,5
2024-04-28,"Sun, Apr 28, 2024",כ׳ ניסן תשפ״ד,,,5b Full,:ה Full,5
2024-04-29,"Mon, Apr 29, 2024",כ״א ניסן תשפ״ד,16b,:טז,6a Full,.ו Full,5
2024-04-30,"Tue, Apr 30, 2024",כ״ב ניסן תשפ״ד,,,6b Full,:ו Full,5
2024-05-01,"Wed, May 1, 2024",כ״ג ניסן תשפ״ד,,,7a Full,.ז Full,4
2024-05-02,"Thu, May 2, 2024",כ״ד ניסן תשפ״ד,,,7b Full,:ז Full,4
2024-05-03,"Fri, May 3, 2024",כ״ה ניסן תשפ״ד,,,8a Full,.ח Full,4
2024-05-04,"Sat, May 4, 2024",כ״ו ניסן תשפ״ד,,,8b Full,:ח Full,4
2024-05-05,"Sun, May 5, 2024",כ״ז ניסן תשפ״ד,,,9a Full,.ט Full,4
2024-05-06,"Mon, May 6, 2024",כ״ח ניסן תשפ״ד,17a,.יז,9b Top,:ט Top,3
2024-05-07,"Tue, May 7, 2024",כ״ט ניסן תשפ״ד,,,9b Bottom,:ט Bottom,3
2024-05-08,"Wed, May 8, 2024",ל׳ ניסן תשפ״ד,,,10a Top,.י Top,3
2024-05-09,"Thu, May 9, 2024",א׳ אייר תשפ״ד,,,10a Bottom,.י Bottom,3
2024-05-10,"Fri, May 10, 2024",ב׳ אייר תשפ״ד,,,10b Top,:י Top,3
2024-05-11,"Sat, May 11, 2024",ג׳ אייר תשפ״ד,,,10b Bottom,:י Bottom,3
2024-05-12,"Sun, May 12, 2024",ד׳ אייר תשפ״ד,,,11a Top,.יא Top,3
2024-05-13,"Mon, May 13, 2024", אייר תשפ״ד,17b,:יז,11a Bottom,.יא Bottom,3
2024-05-14,"Tue, May 14, 2024",ו׳ אייר תשפ״ד,,,11b Top,:יא Top,3
2024-05-15,"Wed, May 15, 2024",ז׳ אייר תשפ״ד,,,11b Bottom,:יא Bottom,3
2024-05-16,"Thu, May 16, 2024",ח׳ אייר תשפ״ד,,,12a Top,.יב Top,3
2024-05-17,"Fri, May 17, 2024",ט׳ אייר תשפ״ד,,,12a Bottom,.יב Bottom,3
2024-05-18,"Sat, May 18, 2024",י׳ אייר תשפ״ד,,,12b Top,:יב Top,2
2024-05-19,"Sun, May 19, 2024",י״א אייר תשפ״ד,,,12b Bottom,:יב Bottom,2
2024-05-20,"Mon, May 20, 2024",י״ב אייר תשפ״ד,18a,.יח,13a Top,.יג Top,2
2024-05-21,"Tue, May 21, 2024",י״ג אייר תשפ״ד,,,13a Bottom,.יג Bottom,2
2024-05-22,"Wed, May 22, 2024",י״ד אייר תשפ״ד,,,13b Top,:יג Top,2
2024-05-23,"Thu, May 23, 2024",ט״ו אייר תשפ״ד,,,13b Bottom,:יג Bottom,2
2024-05-24,"Fri, May 24, 2024",ט״ז אייר תשפ״ד,,,14a Top,.יד Top,2
2024-05-25,"Sat, May 25, 2024",י״ז אייר תשפ״ד,,,14a Bottom,.יד Bottom,2
2024-05-26,"Sun, May 26, 2024",י״ח אייר תשפ״ד,,,14b Top,:יד Top,2
2024-05-27,"Mon, May 27, 2024",י״ט אייר תשפ״ד,18b,:יח,14b Bottom,:יד Bottom,2
2024-05-28,"Tue, May 28, 2024",כ׳ אייר תשפ״ד,,,15a Top,.טו Top,2
2024-05-29,"Wed, May 29, 2024",כ״א אייר תשפ״ד,,,15a Bottom,.טו Bottom,2
2024-05-30,"Thu, May 30, 2024",כ״ב אייר תשפ״ד,,,15b Top,:טו Top,1
2024-05-31,"Fri, May 31, 2024",כ״ג אייר תשפ״ד,,,15b Bottom,:טו Bottom,1
2024-06-01,"Sat, Jun 1, 2024",כ״ד אייר תשפ״ד,,,16a Top,.טז Top,1
2024-06-02,"Sun, Jun 2, 2024",כ״ה אייר תשפ״ד,,,OFF,OFF
2024-06-03,"Mon, Jun 3, 2024",כ״ו אייר תשפ״ד,19a,.יט,16a Bottom,.טז Bottom,1
2024-06-04,"Tue, Jun 4, 2024",כ״ז אייר תשפ״ד,,,16b Top,:טז Top,1
2024-06-05,"Wed, Jun 5, 2024",כ״ח אייר תשפ״ד,,,16b Bottom,:טז Bottom,1
2024-06-06,"Thu, Jun 6, 2024",כ״ט אייר תשפ״ד,,,17a Top,.יז Top,1
2024-06-07,"Fri, Jun 7, 2024",א׳ סיון תשפ״ד,,,17a Bottom,.יז Bottom,1
2024-06-08,"Sat, Jun 8, 2024",ב׳ סיון תשפ״ד,,,17b Top,:יז Top,1
2024-06-09,"Sun, Jun 9, 2024",ג׳ סיון תשפ״ד,,,17b Bottom,:יז Bottom,1
2024-06-10,"Mon, Jun 10, 2024",ד׳ סיון תשפ״ד,19b,:יט,18a Top,.יח Top,1
2024-06-11,"Tue, Jun 11, 2024", סיון תשפ״ד,,,18a Bottom,.יח Bottom,1
2024-06-12,"Wed, Jun 12, 2024",ו׳ סיון תשפ״ד,,,18b Top,:יח Top,1
2024-06-13,"Thu, Jun 13, 2024",ז׳ סיון תשפ״ד,,,18b Bottom,:יח Bottom,1
2024-06-14,"Fri, Jun 14, 2024",ח׳ סיון תשפ״ד,,,19a Top,.יט Top,1
2024-06-15,"Sat, Jun 15, 2024",ט׳ סיון תשפ״ד,,,19a Bottom,.יט Bottom,1
2024-06-16,"Sun, Jun 16, 2024",י׳ סיון תשפ״ד,,,2a Full,.ב Full,6
2024-06-17,"Mon, Jun 17, 2024",י״א סיון תשפ״ד,20a,.כ,2b Full,:ב Full,6
2024-06-18,"Tue, Jun 18, 2024",י״ב סיון תשפ״ד,,,3a Full,.ג Full,6
2024-06-19,"Wed, Jun 19, 2024",י״ג סיון תשפ״ד,,,3b Full,:ג Full,6
2024-06-20,"Thu, Jun 20, 2024",י״ד סיון תשפ״ד,,,4a Full,.ד Full,6
2024-06-21,"Fri, Jun 21, 2024",ט״ו סיון תשפ״ד,,,4b Full,:ד Full,6
2024-06-22,"Sat, Jun 22, 2024",ט״ז סיון תשפ״ד,,,5a Full,.ה Full,6
2024-06-23,"Sun, Jun 23, 2024",י״ז סיון תשפ״ד,,,5b Full,:ה Full,6
2024-06-24,"Mon, Jun 24, 2024",י״ח סיון תשפ״ד,20b,:כ,6a Full,.ו Full,6
2024-06-25,"Tue, Jun 25, 2024",י״ט סיון תשפ״ד,,,6b Full,:ו Full,6
2024-06-26,"Wed, Jun 26, 2024",כ׳ סיון תשפ״ד,,,7a Full,.ז Full,5
2024-06-27,"Thu, Jun 27, 2024",כ״א סיון תשפ״ד,,,7b Full,:ז Full,5
2024-06-28,"Fri, Jun 28, 2024",כ״ב סיון תשפ״ד,,,8a Full,.ח Full,5
2024-06-29,"Sat, Jun 29, 2024",כ״ג סיון תשפ״ד,,,8b Full,:ח Full,5
2024-06-30,"Sun, Jun 30, 2024",כ״ד סיון תשפ״ד,,,9a Full,.ט Full,5
2024-07-01,"Mon, Jul 1, 2024",כ״ה סיון תשפ״ד,21a,.כא,9b Full,:ט Full,4
2024-07-02,"Tue, Jul 2, 2024",כ״ו סיון תשפ״ד,,,10a Full,.י Full,4
2024-07-03,"Wed, Jul 3, 2024",כ״ז סיון תשפ״ד,,,10b Full,:י Full,4
2024-07-04,"Thu, Jul 4, 2024",כ״ח סיון תשפ״ד,,,11a Full,.יא Full,4
2024-07-05,"Fri, Jul 5, 2024",כ״ט סיון תשפ״ד,,,11b Full,:יא Full,4
2024-07-06,"Sat, Jul 6, 2024",ל׳ סיון תשפ״ד,,,12a Full,.יב Full,4
2024-07-07,"Sun, Jul 7, 2024",א׳ תמוז תשפ״ד,,,12b Top,:יב Top,3
2024-07-08,"Mon, Jul 8, 2024",ב׳ תמוז תשפ״ד,21b,:כא,12b Bottom,:יב Bottom,3
2024-07-09,"Tue, Jul 9, 2024",ג׳ תמוז תשפ״ד,,,13a Top,.יג Top,3
2024-07-10,"Wed, Jul 10, 2024",ד׳ תמוז תשפ״ד,,,13a Bottom,.יג Bottom,3
2024-07-11,"Thu, Jul 11, 2024", תמוז תשפ״ד,,,13b Top,:יג Top,3
2024-07-12,"Fri, Jul 12, 2024",ו׳ תמוז תשפ״ד,,,13b Bottom,:יג Bottom,3
2024-07-13,"Sat, Jul 13, 2024",ז׳ תמוז תשפ״ד,,,14a Top,.יד Top,3
2024-07-14,"Sun, Jul 14, 2024",ח׳ תמוז תשפ״ד,,,14a Bottom,.יד Bottom,3
2024-07-15,"Mon, Jul 15, 2024",ט׳ תמוז תשפ״ד,22a,.כב,14b Top,:יד Top,3
2024-07-16,"Tue, Jul 16, 2024",י׳ תמוז תשפ״ד,,,14b Bottom,:יד Bottom,3
2024-07-17,"Wed, Jul 17, 2024",י״א תמוז תשפ״ד,,,15a Top,.טו Top,3
2024-07-18,"Thu, Jul 18, 2024",י״ב תמוז תשפ״ד,,,15a Bottom,.טו Bottom,3
2024-07-19,"Fri, Jul 19, 2024",י״ג תמוז תשפ״ד,,,15b Top,:טו Top,2
2024-07-20,"Sat, Jul 20, 2024",י״ד תמוז תשפ״ד,,,15b Bottom,:טו Bottom,2
2024-07-21,"Sun, Jul 21, 2024",ט״ו תמוז תשפ״ד,,,16a Top,.טז Top,2
2024-07-22,"Mon, Jul 22, 2024",ט״ז תמוז תשפ״ד,22b,:כב,16a Bottom,.טז Bottom,2
2024-07-23,"Tue, Jul 23, 2024",י״ז תמוז תשפ״ד,,,16b Top,:טז Top,2
2024-07-24,"Wed, Jul 24, 2024",י״ח תמוז תשפ״ד,,,16b Bottom,:טז Bottom,2
2024-07-25,"Thu, Jul 25, 2024",י״ט תמוז תשפ״ד,,,17a Top,.יז Top,2
2024-07-26,"Fri, Jul 26, 2024",כ׳ תמוז תשפ״ד,,,17a Bottom,.יז Bottom,2
2024-07-27,"Sat, Jul 27, 2024",כ״א תמוז תשפ״ד,,,17b Top,:יז Top,2
2024-07-28,"Sun, Jul 28, 2024",כ״ב תמוז תשפ״ד,,,17b Bottom,:יז Bottom,2
2024-07-29,"Mon, Jul 29, 2024",כ״ג תמוז תשפ״ד,23a,.כג,18a Top,.יח Top,2
2024-07-30,"Tue, Jul 30, 2024",כ״ד תמוז תשפ״ד,,,18a Bottom,.יח Bottom,2
2024-07-31,"Wed, Jul 31, 2024",כ״ה תמוז תשפ״ד,,,18b Top,:יח Top,2
2024-08-01,"Thu, Aug 1, 2024",כ״ו תמוז תשפ״ד,,,18b Bottom,:יח Bottom,2
2024-08-02,"Fri, Aug 2, 2024",כ״ז תמוז תשפ״ד,,,19a Top,.יט Top,2
2024-08-03,"Sat, Aug 3, 2024",כ״ח תמוז תשפ״ד,,,19a Bottom,.יט Bottom,2
2024-08-04,"Sun, Aug 4, 2024",כ״ט תמוז תשפ״ד,,,OFF,OFF
2024-08-05,"Mon, Aug 5, 2024",א׳ אב תשפ״ד,23b,:כג,19b Top,:יט Top,1
2024-08-06,"Tue, Aug 6, 2024",ב׳ אב תשפ״ד,,,19b Bottom,:יט Bottom,1
2024-08-07,"Wed, Aug 7, 2024",ג׳ אב תשפ״ד,,,20a Top,.כ Top,1
2024-08-08,"Thu, Aug 8, 2024",ד׳ אב תשפ״ד,,,20a Bottom,.כ Bottom,1
2024-08-09,"Fri, Aug 9, 2024", אב תשפ״ד,,,20b Top,:כ Top,1
2024-08-10,"Sat, Aug 10, 2024",ו׳ אב תשפ״ד,,,20b Bottom,:כ Bottom,1
2024-08-11,"Sun, Aug 11, 2024",ז׳ אב תשפ״ד,,,21a Top,.כא Top,1
2024-08-12,"Mon, Aug 12, 2024",ח׳ אב תשפ״ד,24a,.כד,21a Bottom,.כא Bottom,1
2024-08-13,"Tue, Aug 13, 2024",ט׳ אב תשפ״ד,,,21b Top,:כא Top,1
2024-08-14,"Wed, Aug 14, 2024",י׳ אב תשפ״ד,,,21b Bottom,:כא Bottom,1
2024-08-15,"Thu, Aug 15, 2024",י״א אב תשפ״ד,,,22a Top,.כב Top,1
2024-08-16,"Fri, Aug 16, 2024",י״ב אב תשפ״ד,,,22a Bottom,.כב Bottom,1
2024-08-17,"Sat, Aug 17, 2024",י״ג אב תשפ״ד,,,22b Top,:כב Top,1
2024-08-18,"Sun, Aug 18, 2024",י״ד אב תשפ״ד,,,22b Bottom,:כב Bottom,1
2024-08-19,"Mon, Aug 19, 2024",ט״ו אב תשפ״ד,24b,:כד,23a Top,.כג Top,1
2024-08-20,"Tue, Aug 20, 2024",ט״ז אב תשפ״ד,,,23a Bottom,.כג Bottom,1
2024-08-21,"Wed, Aug 21, 2024",י״ז אב תשפ״ד,,,23b Top,:כג Top,1
2024-08-22,"Thu, Aug 22, 2024",י״ח אב תשפ״ד,,,23b Bottom,:כג Bottom,1
2024-08-23,"Fri, Aug 23, 2024",י״ט אב תשפ״ד,,,24a Top,.כד Top,1
2024-08-24,"Sat, Aug 24, 2024",כ׳ אב תשפ״ד,,,24a Bottom,.כד Bottom,1
2024-08-25,"Sun, Aug 25, 2024",כ״א אב תשפ״ד,,,2a Full,.ב Full,7
2024-08-26,"Mon, Aug 26, 2024",כ״ב אב תשפ״ד,25a,.כה,2b Full,:ב Full,7
2024-08-27,"Tue, Aug 27, 2024",כ״ג אב תשפ״ד,,,3a Full,.ג Full,7
2024-08-28,"Wed, Aug 28, 2024",כ״ד אב תשפ״ד,,,3b Full,:ג Full,7
2024-08-29,"Thu, Aug 29, 2024",כ״ה אב תשפ״ד,,,4a Full,.ד Full,7
2024-08-30,"Fri, Aug 30, 2024",כ״ו אב תשפ״ד,,,4b Full,:ד Full,7
2024-08-31,"Sat, Aug 31, 2024",כ״ז אב תשפ״ד,,,5a Full,.ה Full,7
2024-09-01,"Sun, Sep 1, 2024",כ״ח אב תשפ״ד,,,5b Full,:ה Full,7
2024-09-02,"Mon, Sep 2, 2024",כ״ט אב תשפ״ד,25b,:כה,6a Full,.ו Full,7
2024-09-03,"Tue, Sep 3, 2024",ל׳ אב תשפ״ד,,,6b Full,:ו Full,7
2024-09-04,"Wed, Sep 4, 2024",א׳ אלול תשפ״ד,,,7a Full,.ז Full,6
2024-09-05,"Thu, Sep 5, 2024",ב׳ אלול תשפ״ד,,,7b Full,:ז Full,6
2024-09-06,"Fri, Sep 6, 2024",ג׳ אלול תשפ״ד,,,8a Full,.ח Full,6
2024-09-07,"Sat, Sep 7, 2024",ד׳ אלול תשפ״ד,,,8b Full,:ח Full,6
2024-09-08,"Sun, Sep 8, 2024", אלול תשפ״ד,,,9a Full,.ט Full,6
2024-09-09,"Mon, Sep 9, 2024",ו׳ אלול תשפ״ד,26a,.כו,9b Full,:ט Full,5
2024-09-10,"Tue, Sep 10, 2024",ז׳ אלול תשפ״ד,,,10a Full,.י Full,5
2024-09-11,"Wed, Sep 11, 2024",ח׳ אלול תשפ״ד,,,10b Full,:י Full,5
2024-09-12,"Thu, Sep 12, 2024",ט׳ אלול תשפ״ד,,,11a Full,.יא Full,5
2024-09-13,"Fri, Sep 13, 2024",י׳ אלול תשפ״ד,,,11b Full,:יא Full,5
2024-09-14,"Sat, Sep 14, 2024",י״א אלול תשפ״ד,,,12a Full,.יב Full,5
2024-09-15,"Sun, Sep 15, 2024",י״ב אלול תשפ״ד,,,12b Full,:יב Full,4
2024-09-16,"Mon, Sep 16, 2024",י״ג אלול תשפ״ד,26b,:כו,13a Full,.יג Full,4
2024-09-17,"Tue, Sep 17, 2024",י״ד אלול תשפ״ד,,,13b Full,:יג Full,4
2024-09-18,"Wed, Sep 18, 2024",ט״ו אלול תשפ״ד,,,14a Full,.יד Full,4
2024-09-19,"Thu, Sep 19, 2024",ט״ז אלול תשפ״ד,,,14b Full,:יד Full,4
2024-09-20,"Fri, Sep 20, 2024",י״ז אלול תשפ״ד,,,15a Full,.טו Full,4
2024-09-21,"Sat, Sep 21, 2024",י״ח אלול תשפ״ד,,,15b Top,:טו Top,3
2024-09-22,"Sun, Sep 22, 2024",י״ט אלול תשפ״ד,,,OFF,OFF
2024-09-23,"Mon, Sep 23, 2024",כ׳ אלול תשפ״ד,27a,.כז,15b Bottom,:טו Bottom,3
2024-09-24,"Tue, Sep 24, 2024",כ״א אלול תשפ״ד,,,16a Top,.טז Top,3
2024-09-25,"Wed, Sep 25, 2024",כ״ב אלול תשפ״ד,,,16a Bottom,.טז Bottom,3
2024-09-26,"Thu, Sep 26, 2024",כ״ג אלול תשפ״ד,,,16b Top,:טז Top,3
2024-09-27,"Fri, Sep 27, 2024",כ״ד אלול תשפ״ד,,,16b Bottom,:טז Bottom,3
2024-09-28,"Sat, Sep 28, 2024",כ״ה אלול תשפ״ד,,,17a Top,.יז Top,3
2024-09-29,"Sun, Sep 29, 2024",כ״ו אלול תשפ״ד,,,17a Bottom,.יז Bottom,3
2024-09-30,"Mon, Sep 30, 2024",כ״ז אלול תשפ״ד,27b,:כז,17b Top,:יז Top,3
2024-10-01,"Tue, Oct 1, 2024",כ״ח אלול תשפ״ד,,,17b Bottom,:יז Bottom,3
2024-10-02,"Wed, Oct 2, 2024",כ״ט אלול תשפ״ד,,,18a Top,.יח Top,3
2024-10-03,"Thu, Oct 3, 2024",א׳ תשרי תשפ״ה,,,18a Bottom,.יח Bottom,3
2024-10-04,"Fri, Oct 4, 2024",ב׳ תשרי תשפ״ה,,,18b Top,:יח Top,3
2024-10-05,"Sat, Oct 5, 2024",ג׳ תשרי תשפ״ה,,,18b Bottom,:יח Bottom,3
2024-10-06,"Sun, Oct 6, 2024",ד׳ תשרי תשפ״ה,,,19a Top,.יט Top,3
2024-10-07,"Mon, Oct 7, 2024", תשרי תשפ״ה,28a,.כח,19a Bottom,.יט Bottom,3
2024-10-08,"Tue, Oct 8, 2024",ו׳ תשרי תשפ״ה,,,19b Top,:יט Top,2
2024-10-09,"Wed, Oct 9, 2024",ז׳ תשרי תשפ״ה,,,19b Bottom,:יט Bottom,2
2024-10-10,"Thu, Oct 10, 2024",ח׳ תשרי תשפ״ה,,,20a Top,.כ Top,2
2024-10-11,"Fri, Oct 11, 2024",ט׳ תשרי תשפ״ה,,,20a Bottom,.כ Bottom,2
2024-10-12,"Sat, Oct 12, 2024",י׳ תשרי תשפ״ה,,,20b Top,:כ Top,2
2024-10-13,"Sun, Oct 13, 2024",י״א תשרי תשפ״ה,,,20b Bottom,:כ Bottom,2
2024-10-14,"Mon, Oct 14, 2024",י״ב תשרי תשפ״ה,28b,:כח,21a Top,.כא Top,2
2024-10-15,"Tue, Oct 15, 2024",י״ג תשרי תשפ״ה,,,21a Bottom,.כא Bottom,2
2024-10-16,"Wed, Oct 16, 2024",י״ד תשרי תשפ״ה,,,21b Top,:כא Top,2
2024-10-17,"Thu, Oct 17, 2024",ט״ו תשרי תשפ״ה,,,21b Bottom,:כא Bottom,2
2024-10-18,"Fri, Oct 18, 2024",ט״ז תשרי תשפ״ה,,,22a Top,.כב Top,2
2024-10-19,"Sat, Oct 19, 2024",י״ז תשרי תשפ״ה,,,22a Bottom,.כב Bottom,2
2024-10-20,"Sun, Oct 20, 2024",י״ח תשרי תשפ״ה,,,22b Top,:כב Top,2
2024-10-21,"Mon, Oct 21, 2024",י״ט תשרי תשפ״ה,29a,.כט,22b Bottom,:כב Bottom,2
2024-10-22,"Tue, Oct 22, 2024",כ׳ תשרי תשפ״ה,,,23a Top,.כג Top,2
2024-10-23,"Wed, Oct 23, 2024",כ״א תשרי תשפ״ה,,,23a Bottom,.כג Bottom,2
2024-10-24,"Thu, Oct 24, 2024",כ״ב תשרי תשפ״ה,,,23b Top,:כג Top,2
2024-10-25,"Fri, Oct 25, 2024",כ״ג תשרי תשפ״ה,,,23b Bottom,:כג Bottom,2
2024-10-26,"Sat, Oct 26, 2024",כ״ד תשרי תשפ״ה,,,24a Top,.כד Top,2
2024-10-27,"Sun, Oct 27, 2024",כ״ה תשרי תשפ״ה,,,24a Bottom,.כד Bottom,2
2024-10-28,"Mon, Oct 28, 2024",כ״ו תשרי תשפ״ה,29b,:כט,24b Top,:כד Top,1
2024-10-29,"Tue, Oct 29, 2024",כ״ז תשרי תשפ״ה,,,24b Bottom,:כד Bottom,1
2024-10-30,"Wed, Oct 30, 2024",כ״ח תשרי תשפ״ה,,,25a Top,.כה Top,1
2024-10-31,"Thu, Oct 31, 2024",כ״ט תשרי תשפ״ה,,,25a Bottom,.כה Bottom,1
2024-11-01,"Fri, Nov 1, 2024",ל׳ תשרי תשפ״ה,,,25b Top,:כה Top,1
2024-11-02,"Sat, Nov 2, 2024",א׳ חשון תשפ״ה,,,25b Bottom,:כה Bottom,1
2024-11-03,"Sun, Nov 3, 2024",ב׳ חשון תשפ״ה,,,26a Top,.כו Top,1
2024-11-04,"Mon, Nov 4, 2024",ג׳ חשון תשפ״ה,30a,.ל,26a Bottom,.כו Bottom,1
2024-11-05,"Tue, Nov 5, 2024",ד׳ חשון תשפ״ה,,,26b Top,:כו Top,1
2024-11-06,"Wed, Nov 6, 2024", חשון תשפ״ה,,,26b Bottom,:כו Bottom,1
2024-11-07,"Thu, Nov 7, 2024",ו׳ חשון תשפ״ה,,,27a Top,.כז Top,1
2024-11-08,"Fri, Nov 8, 2024",ז׳ חשון תשפ״ה,,,27a Bottom,.כז Bottom,1
2024-11-09,"Sat, Nov 9, 2024",ח׳ חשון תשפ״ה,,,27b Top,:כז Top,1
2024-11-10,"Sun, Nov 10, 2024",ט׳ חשון תשפ״ה,,,27b Bottom,:כז Bottom,1
2024-11-11,"Mon, Nov 11, 2024",י׳ חשון תשפ״ה,30b,:ל,28a Top,.כח Top,1
2024-11-12,"Tue, Nov 12, 2024",י״א חשון תשפ״ה,,,28a Bottom,.כח Bottom,1
2024-11-13,"Wed, Nov 13, 2024",י״ב חשון תשפ״ה,,,28b Top,:כח Top,1
2024-11-14,"Thu, Nov 14, 2024",י״ג חשון תשפ״ה,,,28b Bottom,:כח Bottom,1
2024-11-15,"Fri, Nov 15, 2024",י״ד חשון תשפ״ה,,,29a Top,.כט Top,1
2024-11-16,"Sat, Nov 16, 2024",ט״ו חשון תשפ״ה,,,29a Bottom,.כט Bottom,1
2024-11-17,"Sun, Nov 17, 2024",ט״ז חשון תשפ״ה,,,29b Top,:כט Top,1
2024-11-18,"Mon, Nov 18, 2024",י״ז חשון תשפ״ה,31a,.לא,29b Bottom,:כט Bottom,1
2024-11-19,"Tue, Nov 19, 2024",י״ח חשון תשפ״ה,,,30a Top,.ל Top,1
2024-11-20,"Wed, Nov 20, 2024",י״ט חשון תשפ״ה,,,30a Bottom,.ל Bottom,1
2024-11-21,"Thu, Nov 21, 2024",כ׳ חשון תשפ״ה,,,30b Top,:ל Top,1
2024-11-22,"Fri, Nov 22, 2024",כ״א חשון תשפ״ה,,,30b Bottom,:ל Bottom,1
2024-11-23,"Sat, Nov 23, 2024",כ״ב חשון תשפ״ה,,,2a Full,.ב Full,8
2024-11-24,"Sun, Nov 24, 2024",כ״ג חשון תשפ״ה,,,2b Full,:ב Full,8
2024-11-25,"Mon, Nov 25, 2024",כ״ד חשון תשפ״ה,31b,:לא,3a Full,.ג Full,8
2024-11-26,"Tue, Nov 26, 2024",כ״ה חשון תשפ״ה,,,3b Full,:ג Full,8
2024-11-27,"Wed, Nov 27, 2024",כ״ו חשון תשפ״ה,,,4a Full,.ד Full,8
2024-11-28,"Thu, Nov 28, 2024",כ״ז חשון תשפ״ה,,,4b Full,:ד Full,8
2024-11-29,"Fri, Nov 29, 2024",כ״ח חשון תשפ״ה,,,5a Full,.ה Full,8
2024-11-30,"Sat, Nov 30, 2024",כ״ט חשון תשפ״ה,,,5b Full,:ה Full,8
2024-12-01,"Sun, Dec 1, 2024",ל׳ חשון תשפ״ה,,,6a Full,.ו Full,8
2024-12-02,"Mon, Dec 2, 2024",א׳ כסלו תשפ״ה,32a,.לב,6b Full,:ו Full,8
2024-12-03,"Tue, Dec 3, 2024",ב׳ כסלו תשפ״ה,,,7a Full,.ז Full,7
2024-12-04,"Wed, Dec 4, 2024",ג׳ כסלו תשפ״ה,,,7b Full,:ז Full,7
2024-12-05,"Thu, Dec 5, 2024",ד׳ כסלו תשפ״ה,,,8a Full,.ח Full,7
2024-12-06,"Fri, Dec 6, 2024", כסלו תשפ״ה,,,8b Full,:ח Full,7
2024-12-07,"Sat, Dec 7, 2024",ו׳ כסלו תשפ״ה,,,9a Full,.ט Full,7
2024-12-08,"Sun, Dec 8, 2024",ז׳ כסלו תשפ״ה,,,9b Full,:ט Full,6
2024-12-09,"Mon, Dec 9, 2024",ח׳ כסלו תשפ״ה,32b,:לב,10a Full,.י Full,6
2024-12-10,"Tue, Dec 10, 2024",ט׳ כסלו תשפ״ה,,,10b Full,:י Full,6
2024-12-11,"Wed, Dec 11, 2024",י׳ כסלו תשפ״ה,,,11a Full,.יא Full,6
2024-12-12,"Thu, Dec 12, 2024",י״א כסלו תשפ״ה,,,11b Full,:יא Full,6
2024-12-13,"Fri, Dec 13, 2024",י״ב כסלו תשפ״ה,,,12a Full,.יב Full,6
2024-12-14,"Sat, Dec 14, 2024",י״ג כסלו תשפ״ה,,,12b Full,:יב Full,5
2024-12-15,"Sun, Dec 15, 2024",י״ד כסלו תשפ״ה,,,13a Full,.יג Full,5
2024-12-16,"Mon, Dec 16, 2024",ט״ו כסלו תשפ״ה,33a,.לג,13b Full,:יג Full,5
2024-12-17,"Tue, Dec 17, 2024",ט״ז כסלו תשפ״ה,,,14a Full,.יד Full,5
2024-12-18,"Wed, Dec 18, 2024",י״ז כסלו תשפ״ה,,,14b Full,:יד Full,5
2024-12-19,"Thu, Dec 19, 2024",י״ח כסלו תשפ״ה,,,15a Full,.טו Full,5
2024-12-20,"Fri, Dec 20, 2024",י״ט כסלו תשפ״ה,,,15b Full,:טו Full,4
2024-12-21,"Sat, Dec 21, 2024",כ׳ כסלו תשפ״ה,,,16a Full,.טז Full,4
2024-12-22,"Sun, Dec 22, 2024",כ״א כסלו תשפ״ה,,,16b Full,:טז Full,4
2024-12-23,"Mon, Dec 23, 2024",כ״ב כסלו תשפ״ה,33b,:לג,17a Full,.יז Full,4
2024-12-24,"Tue, Dec 24, 2024",כ״ג כסלו תשפ״ה,,,17b Full,:יז Full,4
2024-12-25,"Wed, Dec 25, 2024",כ״ד כסלו תשפ״ה,,,18a Full,.יח Full,4
2024-12-26,"Thu, Dec 26, 2024",כ״ה כסלו תשפ״ה,,,18b Full,:יח Full,4
2024-12-27,"Fri, Dec 27, 2024",כ״ו כסלו תשפ״ה,,,19a Full,.יט Full,4
2024-12-28,"Sat, Dec 28, 2024",כ״ז כסלו תשפ״ה,,,19b Top,:יט Top,3
2024-12-29,"Sun, Dec 29, 2024",כ״ח כסלו תשפ״ה,,,19b Bottom,:יט Bottom,3
2024-12-30,"Mon, Dec 30, 2024",כ״ט כסלו תשפ״ה,34a,.לד,20a Top,.כ Top,3
2024-12-31,"Tue, Dec 31, 2024",ל׳ כסלו תשפ״ה,,,20a Bottom,.כ Bottom,3
2025-01-01,"Wed, Jan 1, 2025",א׳ טבת תשפ״ה,,,20b Top,:כ Top,3
2025-01-02,"Thu, Jan 2, 2025",ב׳ טבת תשפ״ה,,,20b Bottom,:כ Bottom,3
2025-01-03,"Fri, Jan 3, 2025",ג׳ טבת תשפ״ה,,,21a Top,.כא Top,3
2025-01-04,"Sat, Jan 4, 2025",ד׳ טבת תשפ״ה,,,21a Bottom,.כא Bottom,3
2025-01-05,"Sun, Jan 5, 2025", טבת תשפ״ה,,,21b Top,:כא Top,3
